ID,SMILES_cation,SMILES_neutral,InChIKey,N1_frag,N3_frag,C4_frag,C5_frag,charge,mult,is_reference,pubchem_hit
IMID-Me-Me-H-H,Cn1cc[n+](C)c1,CN1[C]N(C)C=C1,HVVRUQBMAZRKPJ-UHFFFAOYSA-N,Me,Me,H,H,1,1,True,False
IMID-Me-Me-H-NO2,Cn1cc([N+](=O)[O-])[n+](C)c1,CN1[C]N(C)C([N+](=O)[O-])=C1,CRPRBFHOCLDMMB-UHFFFAOYSA-N,Me,Me,H,NO2,1,1,False,False
IMID-Me-Me-F-F,Cn1c[n+](C)c(F)c1F,CN1[C]N(C)C(F)=C1F,VNYHGZAUUQMMDL-UHFFFAOYSA-N,Me,Me,F,F,1,1,False,False
IMID-Me-Et-NH2-NH2,CCn1c[n+](C)c(N)c1N,CCN1[C]N(C)C(N)=C1N,RMEQTBVGGNKAEQ-UHFFFAOYSA-N,Me,Et,NH2,NH2,1,1,False,False
IMID-Me-nOct-NH2-H,CCCCCCCCn1c[n+](C)cc1N,CCCCCCCCN1[C]N(C)C=C1N,IRCJCNRXJWPRQT-UHFFFAOYSA-N,Me,nOct,NH2,H,1,1,False,False
IMID-Me-Allyl-H-Me,C=CCn1cc(C)[n+](C)c1,C=CCN1[C]N(C)C(C)=C1,PMPUSEWFQVHUNO-UHFFFAOYSA-N,Me,Allyl,H,Me,1,1,False,False
IMID-Me-Ethynyl-OMe-H,C#Cn1c[n+](C)cc1OC,C#CN1[C]N(C)C=C1OC,ACGCNTKELWXJPN-UHFFFAOYSA-N,Me,Ethynyl,OMe,H,1,1,False,False
IMID-Et-iPr-F-OMe,CC[n+]1cn(C(C)C)c(F)c1OC,CCN1[C]N(C(C)C)C(F)=C1OC,KZYKDQNIIMATMJ-UHFFFAOYSA-N,Et,iPr,F,OMe,1,1,False,False
IMID-Et-tBu-NO2-Me,CC[n+]1cn(C(C)(C)C)c([N+](=O)[O-])c1C,CCN1[C]N(C(C)(C)C)C([N+](=O)[O-])=C1C,CLXFIGGGSODORK-UHFFFAOYSA-N,Et,tBu,NO2,Me,1,1,False,False
IMID-Et-Ph-H-Me,CC[n+]1cn(-c2ccccc2)cc1C,CCN1[C]N(c2ccccc2)C=C1C,PDIYCCLDBKWBTK-UHFFFAOYSA-N,Et,Ph,H,Me,1,1,False,False
IMID-nBu-tBu-CN-Me,CCCC[n+]1cn(C(C)(C)C)c(C#N)c1C,CCCCN1[C]N(C(C)(C)C)C(C#N)=C1C,RBKFFSUUCLDQER-UHFFFAOYSA-N,nBu,tBu,CN,Me,1,1,False,False
IMID-nBu-tBu-CN-NO2,CCCC[n+]1cn(C(C)(C)C)c(C#N)c1[N+](=O)[O-],CCCCN1[C]N(C(C)(C)C)C(C#N)=C1[N+](=O)[O-],ZRKGAZHRJTVZGW-UHFFFAOYSA-N,nBu,tBu,CN,NO2,1,1,False,False
IMID-nBu-Ethynyl-CF3-CF3,C#Cn1c[n+](CCCC)c(C(F)(F)F)c1C(F)(F)F,C#CN1[C]N(CCCC)C(C(F)(F)F)=C1C(F)(F)F,HFQMBFOQLKGXEV-UHFFFAOYSA-N,nBu,Ethynyl,CF3,CF3,1,1,False,False
IMID-nBu-Propargyl-H-NH2,C#CCn1cc(N)[n+](CCCC)c1,C#CCN1[C]N(CCCC)C(N)=C1,PUDUFYOWZAQFJU-UHFFFAOYSA-N,nBu,Propargyl,H,NH2,1,1,False,False
IMID-nOct-nOct-H-Me,CCCCCCCCn1cc(C)[n+](CCCCCCCC)c1,CCCCCCCCN1[C]N(CCCCCCCC)C(C)=C1,UVWIHFMAEQJUPG-UHFFFAOYSA-N,nOct,nOct,H,Me,1,1,False,False
IMID-nOct-nOct-NO2-CF3,CCCCCCCCn1c[n+](CCCCCCCC)c(C(F)(F)F)c1[N+](=O)[O-],CCCCCCCCN1[C]N(CCCCCCCC)C(C(F)(F)F)=C1[N+](=O)[O-],OOGXHYSEXNJMLD-UHFFFAOYSA-N,nOct,nOct,NO2,CF3,1,1,False,False
IMID-nOct-nOct-CF3-NH2,CCCCCCCCn1c[n+](CCCCCCCC)c(N)c1C(F)(F)F,CCCCCCCCN1[C]N(CCCCCCCC)C(C(F)(F)F)=C1N,PKQGMOQCRAMPKT-UHFFFAOYSA-N,nOct,nOct,CF3,NH2,1,1,False,False
IMID-nOct-Allyl-H-H,C=CCn1cc[n+](CCCCCCCC)c1,C=CCN1[C]N(CCCCCCCC)C=C1,KDNXGTHUHICKOJ-UHFFFAOYSA-N,nOct,Allyl,H,H,1,1,False,False
IMID-nOct-Ph-CF3-H,CCCCCCCC[n+]1cc(C(F)(F)F)n(-c2ccccc2)c1,CCCCCCCCN1[C]N(c2ccccc2)C(C(F)(F)F)=C1,UEGYAKGLWSNMLV-UHFFFAOYSA-N,nOct,Ph,CF3,H,1,1,False,False
IMID-tBu-Ph-NO2-Me,Cc1c([N+](=O)[O-])n(-c2ccccc2)c[n+]1C(C)(C)C,CC1=C([N+](=O)[O-])N(c2ccccc2)[C]N1C(C)(C)C,ZMVNOEVSLYEOOM-UHFFFAOYSA-N,tBu,Ph,NO2,Me,1,1,False,False
IMID-tBu-Ph-NH2-NH2,CC(C)(C)[n+]1cn(-c2ccccc2)c(N)c1N,CC(C)(C)N1[C]N(c2ccccc2)C(N)=C1N,VPAFDQIFHJWCBK-UHFFFAOYSA-N,tBu,Ph,NH2,NH2,1,1,False,False
IMID-Vinyl-Vinyl-H-Me,C=Cn1cc(C)[n+](C=C)c1,C=CN1[C]N(C=C)C(C)=C1,SMSKFNFTQZFBLB-UHFFFAOYSA-N,Vinyl,Vinyl,H,Me,1,1,False,False
IMID-Vinyl-Vinyl-H-CN,C=Cn1cc(C#N)[n+](C=C)c1,C=CN1[C]N(C=C)C(C#N)=C1,IPMZWBRHUWBMSP-UHFFFAOYSA-N,Vinyl,Vinyl,H,CN,1,1,False,False
IMID-Ethynyl-Ethynyl-CN-NO2,C#Cn1c[n+](C#C)c([N+](=O)[O-])c1C#N,C#CN1[C]N(C#C)C([N+](=O)[O-])=C1C#N,RATKDJDMBGPDPZ-UHFFFAOYSA-N,Ethynyl,Ethynyl,CN,NO2,1,1,False,False
